source,target,weight
1009610,1009726,117
1009610,1009368,354
1009610,1009220,379
1009610,1009718,368
1009610,1009664,6
1009610,1009165,264
1009610,1009351,206
1009610,1009299,157
1009610,1009356,145
1009610,1009262,169
1009610,1009662,161
1009610,1009257,63
1009610,1009268,87
1009610,1009282,115
1009610,1009629,52
1009610,1009366,103
1009610,1009175,57
1009610,1009243,51
1009610,1009515,71
1009610,1009187,45
1009610,1010791,41
1009610,1009459,124
1009610,1009546,30
1009610,1009472,43
1009610,1009592,36
1009610,1009338,110
1009610,1009362,29
1009610,1009159,19
1009610,1009697,55
1009610,1009313,12
1009610,1009214,12
1009610,1009562,43
1009610,1009471,22
1009610,1009189,45
1009610,1010338,66
1009610,1009583,63
1009610,1009724,10
1009610,1009512,6
1009610,1009707,54
1009610,1009281,52
1009610,1009417,33
1009610,1009708,361
1009610,1011336,5
1009610,1009407,24
1009610,1009504,23
1009610,1009310,20
1009610,1009367,56
1009610,1010360,9
1009610,1009318,25
1009610,1009215,111
1009610,1009524,27
1009610,1010370,3
1009610,1009337,6
1009610,1011010,1
1009610,1009182,5
1009610,1011490,24
1009610,1009508,5
1009610,1009466,23
1009610,1011299,7
1009610,1009219,8
1009610,1009719,32
1009610,1009554,6
1009610,1009372,257
1009610,1009499,3
1009610,1009343,21
1009610,1009277,13
1009610,1009452,52
1009610,1009389,102
1009610,1009609,26
1009610,1009224,26
1009610,1010771,1
1009610,1009652,25
1009610,1009288,17
1009610,1009365,10
1009610,1009480,10
1009610,1009267,6
1009610,1010738,3
1009610,1009705,5
1009610,1011023,2
1009610,1009379,9
1009610,1009477,25
1009610,1009608,126
1009610,1009312,18
1009610,1009327,6
1009610,1016181,46
1009610,1009382,22
1009610,1010373,4
1009610,1009297,16
1009610,1009638,5
1009610,1009325,98
1009610,1009577,21
1009610,1009722,4
1009610,1010354,11
1009726,1009368,59
1009726,1009220,73
1009726,1009718,1001
1009726,1009664,2
1009726,1009165,108
1009726,1009351,51
1009726,1009299,73
1009726,1009356,29
1009726,1009262,20
1009726,1009662,24
1009726,1009257,742
1009726,1009268,43
1009726,1009282,20
1009726,1009629,736
1009726,1009366,31
1009726,1009175,560
1009726,1009243,618
1009726,1009515,7
1009726,1009187,30
1009726,1010791,33
1009726,1009459,23
1009726,1009546,522
1009726,1009472,510
1009726,1009592,17
1009726,1009338,21
1009726,1009362,463
1009726,1009159,369
1009726,1009697,27
1009726,1009313,399
1009726,1009214,67
1009726,1009562,42
1009726,1009471,40
1009726,1009189,21
1009726,1010338,6
1009726,1009583,16
1009726,1009724,204
1009726,1009512,368
1009726,1009707,16
1009726,1009281,26
1009726,1009417,298
1009726,1009708,3
1009726,1011336,14
1009726,1009407,11
1009726,1009504,306
1009726,1009310,262
1009726,1009367,4
1009726,1010360,2
1009726,1009318,11
1009726,1009215,4
1009726,1009524,78
1009726,1010370,15
1009726,1009337,228
1009726,1009182,245
1009726,1011490,10
1009726,1009508,174
1009726,1009466,43
1009726,1011299,10
1009726,1009219,161
1009726,1009719,5
1009726,1009554,111
1009726,1009372,1
1009726,1009499,211
1009726,1009343,11
1009726,1009277,98
1009726,1009452,2
1009726,1009389,3
1009726,1009609,1
1009726,1009224,7
1009726,1010771,5
1009726,1009652,10
1009726,1009288,4
1009726,1009381,156
1009726,1009365,31
1009726,1009480,2
1009726,1009267,114
1009726,1010738,53
1009726,1009705,146
1009726,1011023,1
1009726,1009379,1
1009726,1009477,5
1009726,1009608,2
1009726,1009312,14
1009726,1009327,139
1009726,1016181,3
1009726,1009382,108
1009726,1010373,1
1009726,1009297,3
1009726,1009638,102
1009726,1009325,7
1009726,1009577,1
1009726,1009722,64
1009726,1010354,32
1009368,1009220,766
1009368,1009718,758
1009368,1009664,8
1009368,1009165,583
1009368,1009351,284
1009368,1009299,76
1009368,1009356,108
1009368,1009262,73
1009368,1009662,127
1009368,1009257,70
1009368,1009268,10
1009368,1009282,103
1009368,1009629,65
1009368,1009366,78
1009368,1009175,98
1009368,1009243,57
1009368,1009515,19
1009368,1009187,140
1009368,1010791,64
1009368,1009459,132
1009368,1009546,49
1009368,1009472,41
1009368,1009592,21
1009368,1009338,238
1009368,1009362,27
1009368,1009159,17
1009368,1009697,258
1009368,1009313,23
1009368,1009214,6
1009368,1009562,263
1009368,1009471,102
1009368,1009189,139
1009368,1010338,151
1009368,1009583,92
1009368,1009724,1
1009368,1009512,16
1009368,1009707,240
1009368,1009281,61
1009368,1009417,44
1009368,1009708,26
1009368,1011336,1
1009368,1009407,36
1009368,1009504,37
1009368,1009310,7
1009368,1009367,42
1009368,1010360,10
1009368,1009318,13
1009368,1009215,69
1009368,1009524,99
1009368,1010370,6
1009368,1009337,8
1009368,1009182,15
1009368,1011490,119
1009368,1009508,9
1009368,1009466,56
1009368,1011299,7
1009368,1009219,25
1009368,1009719,119
1009368,1009554,20
1009368,1009372,19
1009368,1009499,3
1009368,1009343,45
1009368,1009277,5
1009368,1009452,26
1009368,1009389,12
1009368,1009609,4
1009368,1009224,37
1009368,1010771,3
1009368,1009652,16
1009368,1009288,8
1009368,1009381,40
1009368,1009365,14
1009368,1009480,12
1009368,1009267,6
1009368,1010738,2
1009368,1011023,1
1009368,1009379,27
1009368,1009477,17
1009368,1009608,120
1009368,1009312,28
1009368,1009327,11
1009368,1016181,12
1009368,1009382,12
1009368,1010373,1
1009368,1009297,46
1009368,1009638,12
1009368,1009325,22
1009368,1009577,7
1009368,1009722,3
1009368,1010354,11
1009220,1009718,311
1009220,1009664,11
1009220,1009165,669
1009220,1009351,247
1009220,1009299,64
1009220,1009356,120
1009220,1009262,75
1009220,1009662,121
1009220,1009257,66
1009220,1009268,32
1009220,1009282,72
1009220,1009629,44
1009220,1009366,80
1009220,1009175,77
1009220,1009243,51
1009220,1009515,19
1009220,1009187,140
1009220,1010791,93
1009220,1009459,104
1009220,1009546,64
1009220,1009472,32
1009220,1009592,21
1009220,1009338,294
1009220,1009362,13
1009220,1009159,11
1009220,1009697,278
1009220,1009313,16
1009220,1009214,15
1009220,1009562,295
1009220,1009471,186
1009220,1009189,173
1009220,1010338,99
1009220,1009583,115
1009220,1009724,5
1009220,1009512,7
1009220,1009707,239
1009220,1009281,55
1009220,1009417,49
1009220,1009708,21
1009220,1009407,47
1009220,1009504,31
1009220,1009310,9
1009220,1009367,30
1009220,1010360,13
1009220,1009318,12
1009220,1009215,83
1009220,1009524,132
1009220,1010370,9
1009220,1009337,26
1009220,1009182,7
1009220,1011490,77
1009220,1009508,5
1009220,1009466,58
1009220,1011299,7
1009220,1009219,4
1009220,1009719,111
1009220,1009554,7
1009220,1009372,18
1009220,1009499,5
1009220,1009343,72
1009220,1009277,7
1009220,1009452,44
1009220,1009389,16
1009220,1009609,10
1009220,1009224,45
1009220,1010771,5
1009220,1009652,22
1009220,1009288,4
1009220,1009365,11
1009220,1009480,18
1009220,1009267,2
1009220,1010738,2
1009220,1011023,5
1009220,1009379,29
1009220,1009477,17
1009220,1009608,124
1009220,1009312,22
1009220,1009327,14
1009220,1016181,16
1009220,1009382,10
1009220,1009297,160
1009220,1009638,6
1009220,1009325,27
1009220,1009577,14
1009220,1009722,3
1009220,1010354,12
1009718,1009664,3
1009718,1009165,176
1009718,1009351,187
1009718,1009299,50
1009718,1009356,64
1009718,1009262,39
1009718,1009662,90
1009718,1009257,504
1009718,1009268,100
1009718,1009282,64
1009718,1009629,514
1009718,1009366,45
1009718,1009175,325
1009718,1009243,488
1009718,1009515,40
1009718,1009187,23
1009718,1010791,44
1009718,1009459,67
1009718,1009546,354
1009718,1009472,394
1009718,1009592,15
1009718,1009338,98
1009718,1009362,222
1009718,1009159,201
1009718,1009697,36
1009718,1009313,238
1009718,1009214,67
1009718,1009562,49
1009718,1009471,56
1009718,1009189,39
1009718,1010338,52
1009718,1009583,39
1009718,1009724,78
1009718,1009512,244
1009718,1009707,45
1009718,1009281,30
1009718,1009417,146
1009718,1009708,14
1009718,1011336,13
1009718,1009407,8
1009718,1009504,166
1009718,1009310,183
1009718,1009367,33
1009718,1010360,1
1009718,1009318,25
1009718,1009215,68
1009718,1009524,42
1009718,1010370,26
1009718,1009337,145
1009718,1009182,104
1009718,1011490,14
1009718,1009508,142
1009718,1009466,31
1009718,1011299,3
1009718,1009219,108
1009718,1009719,33
1009718,1011109,16
1009718,1009554,103
1009718,1009372,21
1009718,1009499,85
1009718,1009343,12
1009718,1009277,30
1009718,1009452,26
1009718,1009389,17
1009718,1009609,8
1009718,1009224,18
1009718,1010771,4
1009718,1009652,15
1009718,1009288,24
1009718,1009381,152
1009718,1009365,2
1009718,1009480,7
1009718,1009267,81
1009718,1010738,10
1009718,1009705,44
1009718,1009379,3
1009718,1009477,9
1009718,1009608,108
1009718,1009312,15
1009718,1009327,63
1009718,1016181,1
1009718,1009382,52
1009718,1009297,8
1009718,1009638,41
1009718,1009325,17
1009718,1009577,7
1009718,1009722,47
1009718,1010354,21
1009664,1009165,13
1009664,1009351,6
1009664,1009299,4
1009664,1009356,3
1009664,1009262,2
1009664,1009282,3
1009664,1009187,6
1009664,1009592,1
1009664,1009338,2
1009664,1009697,1
1009664,1009471,1
1009664,1009189,2
1009664,1010338,5
1009664,1009583,5
1009664,1009707,1
1009664,1009281,3
1009664,1009708,1
1009664,1009407,11
1009664,1011299,1
1009664,1009389,1
1009664,1009224,1
1009664,1009365,1
1009664,1009480,6
1009664,1010738,1
1009664,1016181,1
1009664,1009577,1
1009165,1009351,210
1009165,1009299,116
1009165,1009356,53
1009165,1009262,45
1009165,1009662,55
1009165,1009257,16
1009165,1009268,13
1009165,1009282,51
1009165,1009629,8
1009165,1009366,40
1009165,1009175,75
1009165,1009243,15
1009165,1009515,10
1009165,1009187,152
1009165,1010791,46
1009165,1009459,36
1009165,1009546,25
1009165,1009472,3
1009165,1009592,34
1009165,1009338,261
1009165,1009362,6
1009165,1009159,4
1009165,1009697,352
1009165,1009313,5
1009165,1009214,15
1009165,1009562,328
1009165,1009471,69
1009165,1009189,131
1009165,1010338,130
1009165,1009583,105
1009165,1009724,6
1009165,1009512,3
1009165,1009707,270
1009165,1009281,43
1009165,1009417,28
1009165,1009708,29
1009165,1011336,1
1009165,1009407,44
1009165,1009504,6
1009165,1009310,8
1009165,1009367,16
1009165,1010360,21
1009165,1009318,6
1009165,1009215,70
1009165,1009524,167
1009165,1010370,17
1009165,1009337,4
1009165,1009182,1
1009165,1011490,97
1009165,1009508,3
1009165,1009466,46
1009165,1011299,13
1009165,1009219,4
1009165,1009719,132
1009165,1009554,14
1009165,1009372,31
1009165,1009499,1
1009165,1009343,96
1009165,1009277,7
1009165,1009452,14
1009165,1009389,7
1009165,1009609,1
1009165,1009224,12
1009165,1010771,1
1009165,1009652,57
1009165,1009288,9
1009165,1009381,2
1009165,1009365,21
1009165,1009480,16
1009165,1009267,2
1009165,1010738,2
1009165,1011023,7
1009165,1009379,32
1009165,1009477,10
1009165,1009608,95
1009165,1009312,26
1009165,1009327,2
1009165,1016181,20
1009165,1009382,9
1009165,1009297,36
1009165,1009638,2
1009165,1009325,23
1009165,1009577,3
1009165,1009722,5
1009165,1010354,14
1009351,1009299,75
1009351,1009356,83
1009351,1009262,44
1009351,1009662,100
1009351,1009257,48
1009351,1009268,14
1009351,1009282,79
1009351,1009629,38
1009351,1009366,60
1009351,1009175,40
1009351,1009243,40
1009351,1009515,13
1009351,1009187,30
1009351,1010791,36
1009351,1009459,83
1009351,1009546,26
1009351,1009472,29
1009351,1009592,44
1009351,1009338,88
1009351,1009362,22
1009351,1009159,16
1009351,1009697,58
1009351,1009313,7
1009351,1009214,4
1009351,1009562,52
1009351,1009471,42
1009351,1009189,51
1009351,1010338,36
1009351,1009583,63
1009351,1009512,4
1009351,1010852,2
1009351,1009707,72
1009351,1009281,51
1009351,1009417,25
1009351,1009708,5
1009351,1011336,1
1009351,1009407,35
1009351,1009504,23
1009351,1009310,2
1009351,1009367,6
1009351,1010360,4
1009351,1009318,19
1009351,1009215,10
1009351,1009524,38
1009351,1010892,2
1009351,1010370,6
1009351,1009337,10
1009351,1009182,3
1009351,1011490,32
1009351,1009508,2
1009351,1009466,21
1009351,1011299,2
1009351,1009219,5
1009351,1009719,15
1009351,1009554,7
1009351,1009372,1
1009351,1009499,8
1009351,1009343,27
1009351,1009277,5
1009351,1009452,8
1009351,1009389,4
1009351,1009609,4
1009351,1009224,31
1009351,1009652,26
1009351,1009288,3
1009351,1009365,6
1009351,1009480,6
1009351,1009267,4
1009351,1010738,8
1009351,1009705,1
1009351,1011023,15
1009351,1009379,109
1009351,1009477,8
1009351,1009608,31
1009351,1009312,21
1009351,1009327,10
1009351,1016181,2
1009351,1009382,13
1009351,1009297,18
1009351,1009638,3
1009351,1009325,10
1009351,1009577,6
1009351,1009722,1
1009351,1010354,19
1009299,1009356,817
1009299,1009262,57
1009299,1009662,698
1009299,1009257,16
1009299,1009268,5
1009299,1009282,33
1009299,1009629,15
1009299,1009366,773
1009299,1009175,10
1009299,1009243,10
1009299,1009515,1
1009299,1009187,58
1009299,1010791,23
1009299,1009459,507
1009299,1009546,3
1009299,1009472,4
1009299,1009592,73
1009299,1009338,5
1009299,1009362,11
1009299,1009697,19
1009299,1009313,3
1009299,1009214,1
1009299,1009562,18
1009299,1009471,34
1009299,1009189,5
1009299,1010338,54
1009299,1009583,102
1009299,1009724,1
1009299,1009512,5
1009299,1009707,20
1009299,1009281,178
1009299,1009417,12
1009299,1009708,18
1009299,1011336,2
1009299,1009407,7
1009299,1009504,12
1009299,1009310,6
1009299,1009367,5
1009299,1010360,4
1009299,1009318,8
1009299,1009215,12
1009299,1009524,16
1009299,1010370,6
1009299,1009337,1
1009299,1009182,3
1009299,1011490,11
1009299,1009508,1
1009299,1009466,65
1009299,1011299,2
1009299,1009719,5
1009299,1009372,23
1009299,1009499,1
1009299,1009343,11
1009299,1009277,1
1009299,1009452,3
1009299,1009389,5
1009299,1009224,4
1009299,1009652,11
1009299,1009365,32
1009299,1009480,4
1009299,1009267,3
1009299,1010738,7
1009299,1009705,1
1009299,1009379,2
1009299,1009477,6
1009299,1009608,8
1009299,1009312,84
1009299,1009327,1
1009299,1009382,3
1009299,1010373,1
1009299,1009297,3
1009299,1009638,1
1009299,1009325,3
1009299,1009577,1
1009299,1009722,2
1009299,1010354,7
1009356,1009262,40
1009356,1009662,741
1009356,1009257,37
1009356,1009268,6
1009356,1009282,32
1009356,1009629,51
1009356,1009366,772
1009356,1009175,21
1009356,1009243,33
1009356,1009515,7
1009356,1009187,50
1009356,1010791,81
1009356,1009459,547
1009356,1009546,32
1009356,1009472,27
1009356,1009592,51
1009356,1009338,30
1009356,1009362,19
1009356,1009159,11
1009356,1009697,42
1009356,1009313,10
1009356,1009214,5
1009356,1009562,43
1009356,1009471,39
1009356,1009189,17
1009356,1010338,60
1009356,1009583,120
1009356,1009512,5
1009356,1009707,67
1009356,1009281,135
1009356,1009417,19
1009356,1009708,6
1009356,1009407,6
1009356,1009504,29
1009356,1009310,4
1009356,1009367,9
1009356,1009318,10
1009356,1009215,10
1009356,1009524,33
1009356,1010370,2
1009356,1009337,2
1009356,1009182,7
1009356,1011490,12
1009356,1009508,2
1009356,1009466,66
1009356,1009219,9
1009356,1009719,17
1009356,1009372,10
1009356,1009499,2
1009356,1009343,13
1009356,1009277,1
1009356,1009452,4
1009356,1009389,9
1009356,1009609,6
1009356,1009224,24
1009356,1009652,7
1009356,1009288,5
1009356,1009365,27
1009356,1009480,2
1009356,1010738,6
1009356,1009379,1
1009356,1009477,10
1009356,1009608,8
1009356,1009312,66
1009356,1009327,7
1009356,1009382,5
1009356,1009297,9
1009356,1009638,4
1009356,1009325,7
1009356,1009577,1
1009356,1010354,8
1009262,1009662,48
1009262,1009257,13
1009262,1009268,12
1009262,1009282,36
1009262,1009629,9
1009262,1009366,41
1009262,1009175,13
1009262,1009243,5
1009262,1009515,80
1009262,1009187,29
1009262,1010791,10
1009262,1009459,43
1009262,1009546,3
1009262,1009472,6
1009262,1009592,18
1009262,1009338,15
1009262,1009362,7
1009262,1009159,3
1009262,1009697,13
1009262,1009313,4
1009262,1009562,16
1009262,1009471,27
1009262,1009189,128
1009262,1010338,10
1009262,1009583,13
1009262,1009512,3
1009262,1009707,14
1009262,1009281,24
1009262,1009417,8
1009262,1009708,12
1009262,1009407,15
1009262,1009310,3
1009262,1009367,52
1009262,1009318,15
1009262,1009215,45
1009262,1009524,9
1009262,1010370,5
1009262,1009337,1
1009262,1011490,13
1009262,1009508,2
1009262,1009466,7
1009262,1011299,2
1009262,1009219,1
1009262,1009719,10
1009262,1009554,2
1009262,1009372,20
1009262,1009343,8
1009262,1009277,2
1009262,1009452,24
1009262,1009389,115
1009262,1009609,4
1009262,1009224,9
1009262,1009652,8
1009262,1009288,71
1009262,1009365,5
1009262,1009480,3
1009262,1009267,2
1009262,1011023,1
1009262,1009379,2
1009262,1009477,6
1009262,1009608,7
1009262,1009312,6
1009262,1009327,7
1009262,1016181,1
1009262,1009382,1
1009262,1009297,7
1009262,1009638,1
1009262,1009325,5
1009262,1009577,14
1009262,1010354,3
1009662,1009257,49
1009662,1009268,4
1009662,1009282,46
1009662,1009629,48
1009662,1009366,665
1009662,1009175,32
1009662,1009243,34
1009662,1009515,10
1009662,1009187,47
1009662,1010791,26
1009662,1009459,507
1009662,1009546,21
1009662,1009472,29
1009662,1009592,55
1009662,1009338,49
1009662,1009362,14
1009662,1009159,9
1009662,1009697,27
1009662,1009313,10
1009662,1009214,1
1009662,1009562,33
1009662,1009471,30
1009662,1009189,16
1009662,1010338,54
1009662,1009583,73
1009662,1009512,3
1009662,1009707,48
1009662,1009281,136
1009662,1009417,24
1009662,1009708,6
1009662,1009407,13
1009662,1009504,26
1009662,1009310,9
1009662,1009367,24
1009662,1009318,6
1009662,1009215,33
1009662,1009524,25
1009662,1010370,5
1009662,1009337,3
1009662,1009182,5
1009662,1011490,20
1009662,1009508,2
1009662,1009466,68
1009662,1011299,4
1009662,1009719,16
1009662,1009372,11
1009662,1009499,2
1009662,1009343,11
1009662,1009277,3
1009662,1009452,9
1009662,1009389,6
1009662,1009609,9
1009662,1009224,35
1009662,1010771,1
1009662,1009652,15
1009662,1009288,3
1009662,1009381,2
1009662,1009365,20
1009662,1009480,2
1009662,1009267,1
1009662,1010738,6
1009662,1011023,3
1009662,1009379,4
1009662,1009477,13
1009662,1009608,29
1009662,1009312,55
1009662,1009327,7
1009662,1009382,5
1009662,1009297,9
1009662,1009638,4
1009662,1009325,6
1009662,1009577,8
1009662,1009722,1
1009662,1010354,13
1009257,1009268,7
1009257,1009282,15
1009257,1009629,334
1009257,1009366,27
1009257,1009175,376
1009257,1009243,309
1009257,1009515,4
1009257,1009187,12
1009257,1010791,25
1009257,1009459,46
1009257,1009546,186
1009257,1009472,214
1009257,1009592,10
1009257,1009338,27
1009257,1009362,241
1009257,1009159,200
1009257,1009697,15
1009257,1009313,146
1009257,1009214,60
1009257,1009562,27
1009257,1009471,16
1009257,1009189,8
1009257,1010338,5
1009257,1009583,21
1009257,1009724,17
1009257,1009512,127
1009257,1009707,25
1009257,1009281,18
1009257,1009417,144
1009257,1011336,12
1009257,1009407,6
1009257,1009504,185
1009257,1009310,241
1009257,1009367,1
1009257,1009318,5
1009257,1009215,3
1009257,1009524,32
1009257,1010370,3
1009257,1009337,82
1009257,1009182,93
1009257,1011490,8
1009257,1009508,90
1009257,1009466,29
1009257,1009219,65
1009257,1009719,1
1009257,1011109,11
1009257,1009554,33
1009257,1009499,65
1009257,1009343,5
1009257,1009277,26
1009257,1009452,2
1009257,1009389,4
1009257,1009609,2
1009257,1009224,19
1009257,1010771,7
1009257,1009652,4
1009257,1009288,3
1009257,1009381,69
1009257,1009365,3
1009257,1009480,3
1009257,1009267,35
1009257,1010738,25
1009257,1009705,25
1009257,1009379,4
1009257,1009477,4
1009257,1009608,2
1009257,1009312,10
1009257,1009327,108
1009257,1009382,30
1009257,1009297,4
1009257,1009638,28
1009257,1009325,5
1009257,1009722,12
1009257,1010354,11
1009268,1009282,5
1009268,1009629,8
1009268,1009366,1
1009268,1009175,7
1009268,1009243,2
1009268,1009515,19
1009268,1009187,12
1009268,1010791,3
1009268,1009459,2
1009268,1009546,22
1009268,1009472,15
1009268,1009592,1
1009268,1009338,7
1009268,1009362,11
1009268,1009159,27
1009268,1009697,2
1009268,1009313,14
1009268,1009214,61
1009268,1009562,1
1009268,1009471,5
1009268,1009189,4
1009268,1010338,2
1009268,1009583,2
1009268,1009724,57
1009268,1009512,44
1009268,1009707,6
1009268,1009281,5
1009268,1009417,6
1009268,1009708,2
1009268,1009407,3
1009268,1009310,6
1009268,1009367,13
1009268,1010360,1
1009268,1009215,8
1009268,1009524,8
1009268,1009337,1
1009268,1009182,8
1009268,1011490,1
1009268,1009508,6
1009268,1011299,2
1009268,1009219,4
1009268,1009719,1
1009268,1009554,21
1009268,1009499,1
1009268,1009277,34
1009268,1009452,4
1009268,1009389,4
1009268,1009652,5
1009268,1009288,2
1009268,1009381,1
1009268,1009365,5
1009268,1009480,1
1009268,1009267,4
1009268,1010738,1
1009268,1009705,20
1009268,1009608,2
1009268,1009312,3
1009268,1009327,3
1009268,1009382,9
1009268,1010373,12
1009268,1009638,5
1009268,1009325,1
1009268,1009722,8
1009268,1010354,1
1009282,1009629,11
1009282,1009366,25
1009282,1009175,26
1009282,1009243,10
1009282,1009515,24
1009282,1009187,32
1009282,1010791,31
1009282,1009459,50
1009282,1009546,3
1009282,1009472,5
1009282,1009592,52
1009282,1009338,31
1009282,1009362,6
1009282,1009159,4
1009282,1009697,18
1009282,1009313,1
1009282,1009214,2
1009282,1009562,31
1009282,1009471,13
1009282,1009189,17
1009282,1010338,17
1009282,1009583,18
1009282,1009512,5
1009282,1009707,19
1009282,1009281,25
1009282,1009417,4
1009282,1009708,10
1009282,1011336,5
1009282,1009407,22
1009282,1009504,9
1009282,1009310,6
1009282,1009367,36
1009282,1010360,3
1009282,1009318,8
1009282,1009215,34
1009282,1009524,5
1009282,1010370,2
1009282,1009337,1
1009282,1009182,2
1009282,1011490,19
1009282,1009508,1
1009282,1009466,50
1009282,1011299,8
1009282,1009219,1
1009282,1009719,6
1009282,1009554,2
1009282,1009372,4
1009282,1009499,1
1009282,1009343,5
1009282,1009452,17
1009282,1009389,13
1009282,1009224,7
1009282,1009652,18
1009282,1009288,3
1009282,1009480,7
1009282,1009267,3
1009282,1010738,1
1009282,1011023,24
1009282,1009379,7
1009282,1009477,1
1009282,1009608,31
1009282,1009312,15
1009282,1009327,4
1009282,1016181,1
1009282,1009382,6
1009282,1010373,2
1009282,1009297,6
1009282,1009638,3
1009282,1009325,9
1009282,1009577,4
1009282,1009722,1
1009282,1010354,10
1009629,1009366,23
1009629,1009175,207
1009629,1009243,453
1009629,1009515,4
1009629,1009187,67
1009629,1010791,17
1009629,1009459,42
1009629,1009546,273
1009629,1009472,348
1009629,1009592,7
1009629,1009338,25
1009629,1009362,165
1009629,1009159,139
1009629,1009697,17
1009629,1009313,201
1009629,1009214,45
1009629,1009562,26
1009629,1009471,9
1009629,1009189,10
1009629,1010338,5
1009629,1009583,25
1009629,1009724,6
1009629,1009512,175
1009629,1009707,24
1009629,1009281,11
1009629,1009417,115
1009629,1011336,6
1009629,1009407,1
1009629,1009504,109
1009629,1009310,75
1009629,1009367,1
1009629,1009318,1
1009629,1009215,6
1009629,1009524,34
1009629,1010370,7
1009629,1009337,77
1009629,1009182,143
1009629,1011490,4
1009629,1009508,74
1009629,1009466,23
1009629,1009219,78
1009629,1009719,5
1009629,1011109,16
1009629,1009554,28
1009629,1009499,64
1009629,1009343,7
1009629,1009277,32
1009629,1009452,3
1009629,1009389,4
1009629,1009609,3
1009629,1009224,20
1009629,1010771,4
1009629,1009652,2
1009629,1009288,3
1009629,1009381,75
1009629,1009365,1
1009629,1009267,35
1009629,1010738,6
1009629,1009705,29
1009629,1009477,3
1009629,1009608,1
1009629,1009312,6
1009629,1009327,63
1009629,1009382,28
1009629,1009297,4
1009629,1009638,29
1009629,1009325,1
1009629,1009722,20
1009629,1010354,19
1009366,1009175,14
1009366,1009243,19
1009366,1009515,8
1009366,1009187,39
1009366,1010791,27
1009366,1009459,537
1009366,1009546,13
1009366,1009472,8
1009366,1009592,47
1009366,1009338,12
1009366,1009362,13
1009366,1009159,8
1009366,1009697,32
1009366,1009313,9
1009366,1009214,2
1009366,1009562,29
1009366,1009471,27
1009366,1009189,12
1009366,1010338,39
1009366,1009583,95
1009366,1009724,1
1009366,1009512,5
1009366,1009707,27
1009366,1009281,127
1009366,1009417,7
1009366,1009708,5
1009366,1009407,5
1009366,1009504,11
1009366,1009310,7
1009366,1009367,4
1009366,1009318,11
1009366,1009215,6
1009366,1009524,17
1009366,1010370,5
1009366,1009337,1
1009366,1009182,7
1009366,1011490,14
1009366,1009508,2
1009366,1009466,50
1009366,1009219,6
1009366,1009719,11
1009366,1009554,3
1009366,1009372,8
1009366,1009499,1
1009366,1009343,10
1009366,1009277,1
1009366,1009452,4
1009366,1009389,6
1009366,1009609,6
1009366,1009224,6
1009366,1010771,1
1009366,1009652,10
1009366,1009288,4
1009366,1009365,25
1009366,1009480,2
1009366,1010738,5
1009366,1009379,2
1009366,1009477,10
1009366,1009608,6
1009366,1009312,63
1009366,1009327,9
1009366,1009382,2
1009366,1009297,12
1009366,1009638,4
1009366,1009325,1
1009366,1010354,8
1009175,1009243,167
1009175,1009515,3
1009175,1009187,34
1009175,1010791,22
1009175,1009459,26
1009175,1009546,167
1009175,1009472,108
1009175,1009592,9
1009175,1009338,33
1009175,1009362,324
1009175,1009159,256
1009175,1009697,53
1009175,1009313,165
1009175,1009214,44
1009175,1009562,60
1009175,1009471,11
1009175,1009189,33
1009175,1010338,6
1009175,1009583,18
1009175,1009724,10
1009175,1009512,138
1009175,1009707,29
1009175,1009281,16
1009175,1009417,63
1009175,1009708,1
1009175,1011336,11
1009175,1009407,6
1009175,1009504,122
1009175,1009310,129
1009175,1009367,4
1009175,1009318,2
1009175,1009215,15
1009175,1009524,46
1009175,1010370,2
1009175,1009337,58
1009175,1009182,112
1009175,1011490,16
1009175,1009508,76
1009175,1009466,18
1009175,1011299,1
1009175,1009219,62
1009175,1009719,33
1009175,1009554,39
1009175,1009372,1
1009175,1009499,50
1009175,1009343,19
1009175,1009277,15
1009175,1009452,12
1009175,1009389,1
1009175,1009609,1
1009175,1009224,9
1009175,1010771,2
1009175,1009652,6
1009175,1009381,67
1009175,1009365,3
1009175,1009267,27
1009175,1010738,24
1009175,1009705,29
1009175,1011023,8
1009175,1009379,2
1009175,1009477,2
1009175,1009608,11
1009175,1009312,4
1009175,1009327,76
1009175,1009382,20
1009175,1009297,10
1009175,1009638,32
1009175,1009325,5
1009175,1009577,1
1009175,1009722,8
1009175,1010354,10
1009243,1009515,4
1009243,1009187,6
1009243,1010791,15
1009243,1009459,39
1009243,1009546,253
1009243,1009472,392
1009243,1009592,5
1009243,1009338,19
1009243,1009362,136
1009243,1009159,124
1009243,1009697,17
1009243,1009313,121
1009243,1009214,41
1009243,1009562,24
1009243,1009471,8
1009243,1009189,7
1009243,1010338,3
1009243,1009583,22
1009243,1009724,20
1009243,1009512,151
1009243,1009707,26
1009243,1009281,9
1009243,1009417,125
1009243,1011336,8
1009243,1009407,5
1009243,1009504,99
1009243,1009310,89
1009243,1009318,3
1009243,1009215,1
1009243,1009524,27
1009243,1010370,5
1009243,1009337,99
1009243,1009182,61
1009243,1011490,4
1009243,1009508,148
1009243,1009466,25
1009243,1009219,39
1009243,1009719,4
1009243,1011109,2
1009243,1009554,27
1009243,1009499,56
1009243,1009343,4
1009243,1009277,47
1009243,1009452,1
1009243,1009389,2
1009243,1009224,17
1009243,1010771,31
1009243,1009652,3
1009243,1009381,55
1009243,1009365,1
1009243,1009480,2
1009243,1009267,61
1009243,1010738,7
1009243,1009705,27
1009243,1009477,5
1009243,1009312,7
1009243,1009327,36
1009243,1009382,28
1009243,1009297,1
1009243,1009638,28
1009243,1009325,5
1009243,1009722,7
1009243,1010354,19
1009515,1009187,4
1009515,1010791,2
1009515,1009459,11
1009515,1009472,2
1009515,1009592,1
1009515,1009338,4
1009515,1009362,2
1009515,1009159,3
1009515,1009697,1
1009515,1009313,2
1009515,1009214,1
1009515,1009562,3
1009515,1009471,13
1009515,1009189,33
1009515,1010338,2
1009515,1009583,1
1009515,1009512,1
1009515,1009707,2
1009515,1009281,7
1009515,1009417,1
1009515,1009708,5
1009515,1011336,1
1009515,1009407,5
1009515,1009504,1
1009515,1009367,10
1009515,1009318,9
1009515,1009215,12
1009515,1009524,1
1009515,1009466,1
1009515,1011299,9
1009515,1009219,6
1009515,1009719,1
1009515,1009554,1
1009515,1009372,3
1009515,1009343,1
1009515,1009452,38
1009515,1009389,41
1009515,1009609,4
1009515,1009224,2
1009515,1009652,4
1009515,1009288,16
1009515,1009381,1
1009515,1009480,1
1009515,1009267,1
1009515,1009379,6
1009515,1009477,8
1009515,1009327,8
1009515,1009382,2
1009515,1010373,3
1009515,1009297,3
1009515,1009638,6
1009515,1009325,4
1009515,1009577,5
1009515,1010354,1
1009187,1010791,24
1009187,1009459,38
1009187,1009546,4
1009187,1009472,4
1009187,1009592,17
1009187,1009338,72
1009187,1009362,7
1009187,1009159,1
1009187,1009697,120
1009187,1009313,6
1009187,1009214,3
1009187,1009562,84
1009187,1009471,24
1009187,1009189,35
1009187,1010338,41
1009187,1009583,32
1009187,1009512,1
1009187,1009707,81
1009187,1009281,30
1009187,1009417,11
1009187,1009708,2
1009187,1009407,6
1009187,1009504,5
1009187,1009310,4
1009187,1009367,8
1009187,1009318,2
1009187,1009215,13
1009187,1009524,42
1009187,1010370,1
1009187,1009337,2
1009187,1009182,4
1009187,1011490,18
1009187,1009508,1
1009187,1009466,41
1009187,1009219,1
1009187,1009719,21
1009187,1009372,4
1009187,1009499,2
1009187,1009343,14
1009187,1009277,2
1009187,1009452,6
1009187,1009389,2
1009187,1009224,6
1009187,1010771,1
1009187,1009652,7
1009187,1009288,3
1009187,1009365,4
1009187,1009480,3
1009187,1009379,6
1009187,1009477,3
1009187,1009608,1
1009187,1009312,15
1009187,1009327,2
1009187,1016181,3
1009187,1009297,39
1009187,1009638,1
1009187,1009577,2
1009187,1009722,1
1009187,1010354,1
1010791,1009459,29
1010791,1009546,5
1010791,1009472,3
1010791,1009592,13
1010791,1009338,9
1010791,1009362,12
1010791,1009159,8
1010791,1009697,29
1010791,1009313,8
1010791,1009214,1
1010791,1009562,28
1010791,1009471,12
1010791,1009189,14
1010791,1010338,14
1010791,1009583,37
1010791,1009512,8
1010791,1009707,28
1010791,1009281,18
1010791,1009417,16
1010791,1009407,7
1010791,1009504,13
1010791,1009310,18
1010791,1009367,7
1010791,1010360,2
1010791,1009318,2
1010791,1009215,12
1010791,1009524,17
1010791,1010370,1
1010791,1009337,4
1010791,1009182,4
1010791,1011490,15
1010791,1009508,1
1010791,1009466,6
1010791,1009219,1
1010791,1009719,9
1010791,1009499,3
1010791,1009343,18
1010791,1009277,3
1010791,1009452,2
1010791,1009389,1
1010791,1009224,3
1010791,1009652,1
1010791,1009288,1
1010791,1009381,1
1010791,1009365,1
1010791,1009480,2
1010791,1009267,3
1010791,1010738,1
1010791,1011023,6
1010791,1009379,6
1010791,1009477,3
1010791,1009608,10
1010791,1009312,5
1010791,1009327,3
1010791,1009297,15
1010791,1009638,3
1010791,1009325,6
1010791,1009577,1
1010791,1010354,4
1009459,1009546,18
1009459,1009472,28
1009459,1009592,34
1009459,1009338,31
1009459,1009362,10
1009459,1009159,8
1009459,1009697,34
1009459,1009313,7
1009459,1009214,2
1009459,1009562,28
1009459,1009471,32
1009459,1009189,18
1009459,1010338,31
1009459,1009583,103
1009459,1009724,1
1009459,1009512,2
1009459,1009707,49
1009459,1009281,96
1009459,1009417,22
1009459,1009708,15
1009459,1009407,15
1009459,1009504,33
1009459,1009310,7
1009459,1009367,9
1009459,1010360,2
1009459,1009318,6
1009459,1009215,8
1009459,1009524,18
1009459,1010370,1
1009459,1009337,4
1009459,1009182,5
1009459,1011490,16
1009459,1009466,49
1009459,1011299,1
1009459,1009219,3
1009459,1009719,14
1009459,1009554,2
1009459,1009372,11
1009459,1009499,3
1009459,1009343,12
1009459,1009277,3
1009459,1009452,2
1009459,1009389,6
1009459,1009609,8
1009459,1009224,27
1009459,1009652,7
1009459,1009288,3
1009459,1009381,2
1009459,1009365,14
1009459,1009480,5
1009459,1010738,4
1009459,1009477,9
1009459,1009608,12
1009459,1009312,57
1009459,1009327,9
1009459,1009382,3
1009459,1009297,11
1009459,1009638,4
1009459,1009325,13
1009459,1009577,1
1009459,1010354,9
1009546,1009472,172
1009546,1009592,4
1009546,1009338,21
1009546,1009362,125
1009546,1009159,96
1009546,1009697,11
1009546,1009313,322
1009546,1009214,44
1009546,1009562,39
1009546,1009471,15
1009546,1009189,8
1009546,1010338,5
1009546,1009583,19
1009546,1009724,6
1009546,1009512,183
1009546,1009707,43
1009546,1009281,5
1009546,1009417,126
1009546,1011336,2
1009546,1009504,88
1009546,1009310,26
1009546,1009318,3
1009546,1009524,42
1009546,1010370,3
1009546,1009337,119
1009546,1009182,126
1009546,1011490,3
1009546,1009508,32
1009546,1009466,4
1009546,1009219,44
1009546,1009719,16
1009546,1011109,4
1009546,1009554,43
1009546,1009499,53
1009546,1009343,5
1009546,1009277,14
1009546,1009389,1
1009546,1009224,14
1009546,1009288,1
1009546,1009381,73
1009546,1009365,3
1009546,1009480,2
1009546,1009267,61
1009546,1010738,4
1009546,1009705,13
1009546,1009477,2
1009546,1009312,1
1009546,1009327,31
1009546,1009382,21
1009546,1009297,2
1009546,1009638,22
1009546,1009722,1
1009546,1010354,13
1009472,1009592,6
1009472,1009338,17
1009472,1009362,104
1009472,1009159,96
1009472,1009697,9
1009472,1009313,90
1009472,1009214,21
1009472,1009562,9
1009472,1009471,9
1009472,1009189,1
1009472,1010338,2
1009472,1009583,17
1009472,1009724,8
1009472,1009512,88
1009472,1009707,23
1009472,1009281,6
1009472,1009417,63
1009472,1011336,3
1009472,1009407,2
1009472,1009504,106
1009472,1009310,26
1009472,1009367,1
1009472,1009524,14
1009472,1010370,5
1009472,1009337,72
1009472,1009182,51
1009472,1011490,3
1009472,1009508,117
1009472,1009466,10
1009472,1009219,32
1009472,1009719,2
1009472,1011109,5
1009472,1009554,21
1009472,1009499,65
1009472,1009343,2
1009472,1009277,5
1009472,1009452,1
1009472,1009224,18
1009472,1010771,46
1009472,1009652,2
1009472,1009381,33
1009472,1009267,16
1009472,1010738,7
1009472,1009705,9
1009472,1009477,3
1009472,1009312,5
1009472,1009327,54
1009472,1009382,51
1009472,1009297,1
1009472,1009638,20
1009472,1009325,3
1009472,1009722,22
1009472,1010354,16
1009592,1009338,7
1009592,1009362,2
1009592,1009159,2
1009592,1009697,10
1009592,1009313,2
1009592,1009214,2
1009592,1009562,13
1009592,1009471,8
1009592,1009189,2
1009592,1010338,2
1009592,1009583,7
1009592,1009724,1
1009592,1009512,2
1009592,1009707,9
1009592,1009281,23
1009592,1009417,4
1009592,1009708,2
1009592,1011336,1
1009592,1009407,20
1009592,1009504,4
1009592,1009310,2
1009592,1009367,8
1009592,1009318,1
1009592,1009215,1
1009592,1009524,1
1009592,1010370,2
1009592,1009182,2
1009592,1011490,6
1009592,1009508,1
1009592,1009466,34
1009592,1011299,11
1009592,1009719,6
1009592,1011109,2
1009592,1009554,1
1009592,1009372,1
1009592,1009499,1
1009592,1009343,7
1009592,1009277,1
1009592,1009452,2
1009592,1009224,15
1009592,1009652,41
1009592,1009288,2
1009592,1009365,4
1009592,1009480,12
1009592,1009267,1
1009592,1011023,13
1009592,1009379,5
1009592,1009477,17
1009592,1009608,2
1009592,1009312,95
1009592,1009327,1
1009592,1016181,1
1009592,1009382,3
1009592,1009638,1
1009592,1009325,2
1009592,1010354,26
1009338,1009362,9
1009338,1009159,4
1009338,1009697,109
1009338,1009313,7
1009338,1009214,4
1009338,1009562,114
1009338,1009471,29
1009338,1009189,107
1009338,1010338,25
1009338,1009583,32
1009338,1009512,4
1009338,1009707,132
1009338,1009281,23
1009338,1009417,24
1009338,1009708,4
1009338,1009407,13
1009338,1009504,21
1009338,1009310,2
1009338,1009367,19
1009338,1010360,11
1009338,1009318,5
1009338,1009215,31
1009338,1009524,84
1009338,1010370,1
1009338,1009337,1
1009338,1009182,5
1009338,1011490,41
1009338,1009508,1
1009338,1009466,15
1009338,1011299,3
1009338,1009219,3
1009338,1009719,22
1009338,1009372,11
1009338,1009343,24
1009338,1009277,3
1009338,1009452,10
1009338,1009389,3
1009338,1009609,1
1009338,1009224,38
1009338,1009652,7
1009338,1009288,4
1009338,1009365,3
1009338,1009480,4
1009338,1009267,2
1009338,1011023,2
1009338,1009379,11
1009338,1009477,2
1009338,1009608,71
1009338,1009312,7
1009338,1009327,4
1009338,1016181,1
1009338,1009297,14
1009338,1009638,1
1009338,1009325,7
1009338,1009577,3
1009338,1009722,2
1009338,1010354,3
1009362,1009159,279
1009362,1009697,9
1009362,1009313,129
1009362,1009214,25
1009362,1009562,23
1009362,1009471,6
1009362,1009189,14
1009362,1010338,1
1009362,1009583,7
1009362,1009724,7
1009362,1009512,89
1009362,1009707,4
1009362,1009281,4
1009362,1009417,66
1009362,1009708,1
1009362,1011336,2
1009362,1009407,1
1009362,1009504,70
1009362,1009310,39
1009362,1009367,4
1009362,1009318,7
1009362,1009215,4
1009362,1009524,37
1009362,1010370,3
1009362,1009337,86
1009362,1009182,85
1009362,1011490,4
1009362,1009508,43
1009362,1009466,6
1009362,1009219,55
1009362,1009719,2
1009362,1009554,33
1009362,1009372,2
1009362,1009499,79
1009362,1009343,12
1009362,1009277,9
1009362,1010771,1
1009362,1009288,2
1009362,1009381,61
1009362,1009267,13
1009362,1010738,27
1009362,1009705,14
1009362,1011023,3
1009362,1009379,4
1009362,1009477,1
1009362,1009608,4
1009362,1009312,1
1009362,1009327,59
1009362,1009382,38
1009362,1009297,4
1009362,1009638,20
1009362,1009325,3
1009362,1009722,3
1009362,1010354,4
1009159,1009697,8
1009159,1009313,102
1009159,1009214,30
1009159,1009562,19
1009159,1009471,3
1009159,1009189,10
1009159,1010338,1
1009159,1009583,4
1009159,1009724,29
1009159,1009512,123
1009159,1009707,3
1009159,1009281,4
1009159,1009417,48
1009159,1011336,1
1009159,1009504,67
1009159,1009310,33
1009159,1009367,2
1009159,1009318,8
1009159,1009215,1
1009159,1009524,29
1009159,1010370,2
1009159,1009337,40
1009159,1009182,85
1009159,1011490,5
1009159,1009508,16
1009159,1009466,2
1009159,1009219,47
1009159,1009719,2
1009159,1009554,31
1009159,1009372,1
1009159,1009499,43
1009159,1009343,11
1009159,1009277,17
1009159,1009389,1
1009159,1009609,1
1009159,1009224,3
1009159,1010771,4
1009159,1009652,3
1009159,1009288,1
1009159,1009381,53
1009159,1009365,1
1009159,1009267,12
1009159,1010738,21
1009159,1009705,29
1009159,1009477,5
1009159,1009608,1
1009159,1009312,2
1009159,1009327,47
1009159,1009382,32
1009159,1009297,1
1009159,1009638,25
1009159,1009722,12
1009159,1010354,6
1009697,1009313,10
1009697,1009214,4
1009697,1009562,284
1009697,1009471,30
1009697,1009189,66
1009697,1010338,59
1009697,1009583,42
1009697,1009512,7
1009697,1009707,141
1009697,1009281,24
1009697,1009417,9
1009697,1009407,13
1009697,1009504,8
1009697,1009310,3
1009697,1009367,3
1009697,1010360,2
1009697,1009318,1
1009697,1009215,11
1009697,1009524,104
1009697,1010370,2
1009697,1009337,5
1009697,1009182,8
1009697,1011490,85
1009697,1009508,1
1009697,1009466,7
1009697,1011299,5
1009697,1009219,5
1009697,1009719,85
1009697,1009499,4
1009697,1009343,58
1009697,1009277,3
1009697,1009452,2
1009697,1009389,1
1009697,1009224,11
1009697,1009652,15
1009697,1009288,1
1009697,1009365,2
1009697,1009480,3
1009697,1011023,4
1009697,1009379,16
1009697,1009477,9
1009697,1009608,12
1009697,1009312,14
1009697,1009327,3
1009697,1016181,8
1009697,1009382,1
1009697,1009297,41
1009697,1009638,4
1009697,1009325,16
1009697,1010354,6
1009313,1009214,40
1009313,1009562,16
1009313,1009471,12
1009313,1009189,9
1009313,1010338,2
1009313,1009583,5
1009313,1009724,2
1009313,1009512,127
1009313,1009707,6
1009313,1009281,4
1009313,1009417,80
1009313,1009407,1
1009313,1009504,71
1009313,1009310,31
1009313,1009318,6
1009313,1009215,1
1009313,1009524,23
1009313,1009337,44
1009313,1009182,119
1009313,1011490,3
1009313,1009508,37
1009313,1009466,8
1009313,1009219,51
1009313,1009719,6
1009313,1011109,1
1009313,1009554,43
1009313,1009372,2
1009313,1009499,44
1009313,1009343,9
1009313,1009277,7
1009313,1009288,2
1009313,1009381,87
1009313,1009267,10
1009313,1010738,3
1009313,1009705,15
1009313,1009477,5
1009313,1009608,1
1009313,1009312,4
1009313,1009327,36
1009313,1009382,20
1009313,1010373,1
1009313,1009297,2
1009313,1009638,18
1009313,1009325,1
1009313,1009722,11
1009313,1010354,5
1009214,1009562,3
1009214,1009471,5
1009214,1009189,1
1009214,1010338,1
1009214,1009583,1
1009214,1009724,75
1009214,1009512,27
1009214,1009707,5
1009214,1009281,2
1009214,1009417,15
1009214,1011336,5
1009214,1009504,21
1009214,1009310,13
1009214,1009367,1
1009214,1009524,9
1009214,1010370,1
1009214,1009337,17
1009214,1009182,65
1009214,1011490,1
1009214,1009508,9
1009214,1011299,1
1009214,1009219,38
1009214,1009719,3
1009214,1009554,18
1009214,1009499,8
1009214,1009277,88
1009214,1009609,1
1009214,1010771,2
1009214,1009652,1
1009214,1009288,1
1009214,1009381,14
1009214,1009365,3
1009214,1010738,5
1009214,1009705,40
1009214,1009608,1
1009214,1009327,11
1009214,1009382,9
1009214,1010373,1
1009214,1009297,1
1009214,1009638,12
1009214,1009722,15
1009214,1010354,1
1009562,1009471,19
1009562,1009189,40
1009562,1010338,60
1009562,1009583,56
1009562,1009724,2
1009562,1009512,13
1009562,1009707,154
1009562,1009281,24
1009562,1009417,35
1009562,1009407,23
1009562,1009504,14
1009562,1009310,9
1009562,1009367,4
1009562,1009318,3
1009562,1009215,3
1009562,1009524,181
1009562,1010370,1
1009562,1009337,21
1009562,1009182,10
1009562,1011490,71
1009562,1009508,3
1009562,1009466,4
1009562,1011299,3
1009562,1009219,6
1009562,1009719,109
1009562,1009554,4
1009562,1009499,7
1009562,1009343,49
1009562,1009277,4
1009562,1009452,3
1009562,1009389,2
1009562,1009609,1
1009562,1009224,8
1009562,1009652,8
1009562,1009288,2
1009562,1009365,3
1009562,1009480,8
1009562,1009267,3
1009562,1010738,1
1009562,1011023,5
1009562,1009379,24
1009562,1009477,9
1009562,1009608,4
1009562,1009312,10
1009562,1009327,6
1009562,1009382,6
1009562,1009297,28
1009562,1009638,3
1009562,1009325,4
1009562,1010354,8
1009471,1009189,35
1009471,1010338,3
1009471,1009583,13
1009471,1009724,8
1009471,1009512,7
1009471,1009707,36
1009471,1009281,11
1009471,1009417,9
1009471,1009407,16
1009471,1009504,4
1009471,1009310,7
1009471,1009367,6
1009471,1010360,2
1009471,1009215,17
1009471,1009524,6
1009471,1010370,1
1009471,1009337,3
1009471,1011010,3
1009471,1009182,2
1009471,1011490,12
1009471,1009508,8
1009471,1009466,9
1009471,1009219,5
1009471,1009719,8
1009471,1009554,15
1009471,1009372,3
1009471,1009499,2
1009471,1009343,3
1009471,1009277,4
1009471,1009452,4
1009471,1009389,1
1009471,1009224,3
1009471,1009288,1
1009471,1009381,8
1009471,1009365,1
1009471,1009480,2
1009471,1009267,1
1009471,1009705,5
1009471,1011023,3
1009471,1009379,4
1009471,1009477,10
1009471,1009608,13
1009471,1009312,6
1009471,1009327,2
1009471,1016181,1
1009471,1009382,1
1009471,1009297,24
1009471,1009638,6
1009471,1009325,6
1009471,1009577,5
1009471,1009722,1
1009471,1010354,1
1009189,1010338,34
1009189,1009583,20
1009189,1009512,6
1009189,1009707,59
1009189,1009281,20
1009189,1009417,8
1009189,1009708,2
1009189,1009407,4
1009189,1009310,1
1009189,1009367,7
1009189,1010360,5
1009189,1009318,13
1009189,1009215,12
1009189,1009524,30
1009189,1010370,2
1009189,1009182,5
1009189,1011490,30
1009189,1009508,1
1009189,1009466,8
1009189,1011299,5
1009189,1009219,3
1009189,1009719,29
1009189,1009554,1
1009189,1009372,4
1009189,1009343,37
1009189,1009277,5
1009189,1009452,24
1009189,1009389,9
1009189,1009609,1
1009189,1009224,3
1009189,1009652,2
1009189,1009288,11
1009189,1009381,5
1009189,1009365,3
1009189,1009480,2
1009189,1009379,4
1009189,1009477,3
1009189,1009608,21
1009189,1009312,1
1009189,1009327,2
1009189,1016181,2
1009189,1009297,40
1009189,1009638,1
1009189,1009325,16
1009189,1009577,10
1009189,1010354,2
1010338,1009583,38
1010338,1009512,2
1010338,1009707,64
1010338,1009281,16
1010338,1009417,1
1010338,1009708,8
1010338,1009407,2
1010338,1009504,2
1010338,1009310,1
1010338,1009367,16
1010338,1009318,8
1010338,1009215,27
1010338,1009524,25
1010338,1010370,14
1010338,1009337,1
1010338,1009182,2
1010338,1011490,56
1010338,1009508,3
1010338,1009466,4
1010338,1011299,14
1010338,1009219,2
1010338,1009719,48
1010338,1009372,8
1010338,1009343,10
1010338,1009277,1
1010338,1009452,2
1010338,1009389,1
1010338,1009609,1
1010338,1009224,4
1010338,1010771,1
1010338,1009652,8
1010338,1009288,2
1010338,1009365,12
1010338,1009267,6
1010338,1009379,2
1010338,1009477,3
1010338,1009608,28
1010338,1009312,10
1010338,1009327,2
1010338,1016181,13
1010338,1009382,1
1010338,1009297,11
1010338,1009638,1
1010338,1009325,7
1010338,1009577,3
1010338,1009722,2
1010338,1010354,3
1009583,1009724,1
1009583,1009512,4
1009583,1009707,83
1009583,1009281,20
1009583,1009417,18
1009583,1009407,4
1009583,1009504,18
1009583,1009310,1
1009583,1009367,6
1009583,1009215,10
1009583,1009524,18
1009583,1010370,11
1009583,1009337,2
1009583,1009182,1
1009583,1011490,33
1009583,1009466,4
1009583,1011299,2
1009583,1009219,4
1009583,1009719,29
1009583,1009372,2
1009583,1009499,1
1009583,1009343,32
1009583,1009452,4
1009583,1009389,3
1009583,1009609,4
1009583,1009224,20
1009583,1010771,1
1009583,1009652,6
1009583,1009381,1
1009583,1009365,2
1009583,1009267,6
1009583,1009379,13
1009583,1009477,6
1009583,1009608,6
1009583,1009312,2
1009583,1009327,2
1009583,1016181,3
1009583,1009382,4
1009583,1010373,11
1009583,1009297,24
1009583,1009638,1
1009583,1009325,4
1009583,1010354,4
1009724,1009512,36
1009724,1009417,6
1009724,1011336,1
1009724,1009504,6
1009724,1009310,2
1009724,1009318,3
1009724,1009524,2
1009724,1009337,7
1009724,1009182,2
1009724,1009508,5
1009724,1009219,96
1009724,1009719,1
1009724,1009554,9
1009724,1009499,1
1009724,1009277,112
1009724,1009389,1
1009724,1009609,1
1009724,1010771,1
1009724,1009267,2
1009724,1010738,4
1009724,1009705,169
1009724,1009477,1
1009724,1009608,1
1009724,1009327,4
1009724,1009382,12
1009724,1009638,92
1009724,1009722,22
1009724,1010354,4
1009512,1009707,3
1009512,1009281,3
1009512,1009417,56
1009512,1009504,43
1009512,1009310,39
1009512,1009318,1
1009512,1009524,14
1009512,1010370,2
1009512,1009337,63
1009512,1011010,4
1009512,1009182,92
1009512,1011490,1
1009512,1009508,30
1009512,1009466,12
1009512,1009219,50
1009512,1009719,2
1009512,1011109,13
1009512,1009554,32
1009512,1009499,25
1009512,1009343,5
1009512,1009277,33
1009512,1009389,1
1009512,1009224,2
1009512,1010771,6
1009512,1009652,1
1009512,1009288,1
1009512,1009381,86
1009512,1009365,1
1009512,1009267,67
1009512,1010738,5
1009512,1009705,23
1009512,1009477,2
1009512,1009312,1
1009512,1009327,18
1009512,1009382,17
1009512,1009638,16
1009512,1009325,1
1009512,1009722,12
1009512,1010354,2
1010852,1010892,4
1009707,1009281,16
1009707,1009417,23
1009707,1009407,19
1009707,1009504,18
1009707,1009310,1
1009707,1009367,6
1009707,1009318,1
1009707,1009215,8
1009707,1009524,75
1009707,1009337,7
1009707,1009182,6
1009707,1011490,119
1009707,1009508,1
1009707,1009466,6
1009707,1009219,7
1009707,1009719,84
1009707,1009372,2
1009707,1009499,2
1009707,1009343,42
1009707,1009452,3
1009707,1009389,2
1009707,1009224,38
1009707,1009652,2
1009707,1009288,2
1009707,1009365,1
1009707,1009480,5
1009707,1009379,15
1009707,1009477,4
1009707,1009608,12
1009707,1009312,9
1009707,1009327,2
1009707,1009382,3
1009707,1009297,22
1009707,1009638,3
1009707,1009325,4
1009707,1009577,3
1009707,1009722,1
1009707,1010354,5
1009281,1009417,12
1009281,1009708,3
1009281,1009407,10
1009281,1009504,2
1009281,1009310,4
1009281,1009367,1
1009281,1010360,4
1009281,1009318,1
1009281,1009215,5
1009281,1009524,11
1009281,1010370,1
1009281,1009182,1
1009281,1011490,9
1009281,1009466,37
1009281,1011299,4
1009281,1009219,2
1009281,1009719,10
1009281,1009554,2
1009281,1009372,4
1009281,1009343,6
1009281,1009277,3
1009281,1009452,2
1009281,1009389,7
1009281,1009224,10
1009281,1009652,19
1009281,1009288,4
1009281,1009365,13
1009281,1009480,3
1009281,1009267,5
1009281,1011023,1
1009281,1009379,1
1009281,1009477,3
1009281,1009608,9
1009281,1009312,15
1009281,1009327,6
1009281,1009382,3
1009281,1009297,8
1009281,1009638,3
1009281,1009325,7
1009281,1009577,1
1009281,1009722,1
1009281,1010354,6
1009417,1009708,2
1009417,1011336,7
1009417,1009407,11
1009417,1009504,70
1009417,1009310,78
1009417,1009367,2
1009417,1009215,1
1009417,1009524,43
1009417,1010370,2
1009417,1009337,31
1009417,1009182,27
1009417,1011490,3
1009417,1009508,23
1009417,1009466,31
1009417,1009219,25
1009417,1009719,4
1009417,1009554,23
1009417,1009372,2
1009417,1009499,29
1009417,1009343,2
1009417,1009277,7
1009417,1009389,1
1009417,1009224,17
1009417,1009652,2
1009417,1009288,1
1009417,1009381,20
1009417,1009365,2
1009417,1009267,19
1009417,1010738,5
1009417,1009705,8
1009417,1009477,3
1009417,1009312,2
1009417,1009327,25
1009417,1009382,16
1009417,1009638,15
1009417,1009325,2
1009417,1009722,2
1009417,1010354,8
1009708,1009407,3
1009708,1009367,4
1009708,1010360,1
1009708,1009215,13
1009708,1011010,14
1009708,1009508,2
1009708,1009466,2
1009708,1009372,101
1009708,1009452,3
1009708,1009389,21
1009708,1009609,1
1009708,1009477,2
1009708,1009608,13
1009708,1016181,1
1009708,1009325,15
1009708,1009577,3
1011336,1009407,7
1011336,1009504,3
1011336,1009310,18
1011336,1009367,1
1011336,1009337,2
1011336,1009182,2
1011336,1009508,7
1011336,1009466,1
1011336,1009219,35
1011336,1009343,2
1011336,1009277,2
1011336,1009480,3
1011336,1009267,2
1011336,1010738,1
1011336,1009705,2
1011336,1009327,1
1011336,1009382,2
1011336,1009638,44
1011336,1010354,1
1009407,1009504,1
1009407,1009310,5
1009407,1009367,1
1009407,1009215,2
1009407,1009524,8
1009407,1010370,3
1009407,1009337,1
1009407,1011490,15
1009407,1009466,5
1009407,1011299,6
1009407,1009719,1
1009407,1009554,2
1009407,1009499,1
1009407,1009343,16
1009407,1009452,1
1009407,1009389,4
1009407,1009609,2
1009407,1009224,15
1009407,1009652,8
1009407,1009365,1
1009407,1009480,117
1009407,1009267,1
1009407,1011023,1
1009407,1009379,2
1009407,1009608,1
1009407,1009312,9
1009407,1009327,5
1009407,1009382,1
1009407,1010373,6
1009407,1009297,2
1009407,1009638,3
1009407,1009325,10
1009407,1010354,9
1009504,1009310,50
1009504,1009215,1
1009504,1009524,15
1009504,1010370,1
1009504,1009337,32
1009504,1009182,34
1009504,1011490,2
1009504,1009508,43
1009504,1009466,4
1009504,1009219,24
1009504,1009719,3
1009504,1011109,7
1009504,1009554,10
1009504,1009499,26
1009504,1009343,2
1009504,1009277,10
1009504,1009389,1
1009504,1009224,14
1009504,1010771,9
1009504,1009652,1
1009504,1009288,3
1009504,1009381,22
1009504,1009267,4
1009504,1010738,4
1009504,1009705,13
1009504,1011023,2
1009504,1009477,2
1009504,1009608,2
1009504,1009312,1
1009504,1009327,46
1009504,1009382,22
1009504,1009297,2
1009504,1009638,10
1009504,1009325,1
1009504,1009722,1
1009504,1010354,4
1009310,1009215,5
1009310,1009524,5
1009310,1010370,1
1009310,1009337,11
1009310,1009182,24
1009310,1011490,2
1009310,1009508,59
1009310,1009466,32
1009310,1009219,25
1009310,1011109,9
1009310,1009554,14
1009310,1009499,8
1009310,1009343,3
1009310,1009277,7
1009310,1009288,2
1009310,1009381,19
1009310,1009267,22
1009310,1010738,3
1009310,1009705,9
1009310,1009477,2
1009310,1009608,3
1009310,1009312,3
1009310,1009327,17
1009310,1009382,11
1009310,1009638,14
1009310,1009325,4
1009310,1009722,8
1009310,1010354,1
1009367,1009318,14
1009367,1009215,97
1009367,1009524,7
1009367,1010370,1
1009367,1011490,14
1009367,1009466,10
1009367,1011299,2
1009367,1009719,4
1009367,1009554,11
1009367,1009372,7
1009367,1009343,2
1009367,1009452,17
1009367,1009389,20
1009367,1009224,1
1009367,1009652,1
1009367,1009288,16
1009367,1009365,1
1009367,1011023,4
1009367,1009379,1
1009367,1009477,2
1009367,1009608,24
1009367,1009382,3
1009367,1009297,8
1009367,1009325,5
1009367,1009577,23
1010360,1009215,22
1010360,1011490,6
1010360,1009466,3
1010360,1009343,1
1010360,1009452,2
1010360,1009365,1
1010360,1009477,1
1010360,1016181,1
1010360,1009382,12
1010360,1009325,11
1009318,1009215,7
1009318,1009182,1
1009318,1011490,1
1009318,1009508,1
1009318,1009719,2
1009318,1009554,7
1009318,1009372,2
1009318,1009343,9
1009318,1009277,1
1009318,1009452,13
1009318,1009389,13
1009318,1009609,1
1009318,1009224,2
1009318,1009652,2
1009318,1009288,10
1009318,1009381,2
1009318,1009365,2
1009318,1009480,3
1009318,1009267,1
1009318,1009705,2
1009318,1009477,1
1009318,1009608,5
1009318,1009327,1
1009318,1009297,1
1009318,1009577,4
1009318,1009722,2
1009215,1009524,8
1009215,1010370,1
1009215,1011490,14
1009215,1009466,10
1009215,1011299,2
1009215,1009719,7
1009215,1009372,15
1009215,1009343,1
1009215,1009452,15
1009215,1009389,17
1009215,1009224,2
1009215,1009652,2
1009215,1009288,11
1009215,1009365,1
1009215,1009267,1
1009215,1011023,2
1009215,1009608,65
1009215,1009382,11
1009215,1009297,5
1009215,1009325,9
1009215,1009577,11
1009215,1009722,1
1009524,1009337,22
1009524,1009182,21
1009524,1011490,55
1009524,1009508,3
1009524,1009466,3
1009524,1011299,2
1009524,1009219,15
1009524,1009719,29
1009524,1009554,10
1009524,1009372,1
1009524,1009499,37
1009524,1009343,47
1009524,1009277,5
1009524,1009452,3
1009524,1009389,2
1009524,1009224,3
1009524,1009652,2
1009524,1009288,3
1009524,1009381,7
1009524,1009365,16
1009524,1009480,1
1009524,1010738,20
1009524,1009705,7
1009524,1011023,1
1009524,1009379,24
1009524,1009477,3
1009524,1009608,8
1009524,1009312,2
1009524,1009327,10
1009524,1009382,8
1009524,1009297,15
1009524,1009638,11
1009524,1009325,9
1009524,1009722,2
1009524,1010354,6
1010370,1009337,2
1010370,1009508,1
1010370,1009466,6
1010370,1011299,2
1010370,1009719,2
1010370,1009343,1
1010370,1009452,2
1010370,1009224,4
1010370,1009652,4
1010370,1009365,1
1010370,1009267,2
1010370,1009477,2
1010370,1009312,3
1010370,1016181,1
1010370,1009382,1
1009337,1009182,17
1009337,1011490,2
1009337,1009508,8
1009337,1009219,19
1009337,1009719,7
1009337,1009554,18
1009337,1009499,149
1009337,1009343,1
1009337,1009277,10
1009337,1009389,1
1009337,1009224,1
1009337,1009381,21
1009337,1009480,3
1009337,1009267,51
1009337,1010738,27
1009337,1009705,9
1009337,1009379,3
1009337,1009477,3
1009337,1009312,3
1009337,1009327,8
1009337,1009382,26
1009337,1009297,1
1009337,1009638,8
1009337,1009325,1
1009337,1010354,6
1011010,1009508,1
1011010,1011109,21
1011010,1009372,4
1011010,1009608,5
1011010,1016181,2
1011010,1009325,2
1009182,1011490,2
1009182,1009508,17
1009182,1009219,54
1009182,1009719,3
1009182,1009554,23
1009182,1009499,20
1009182,1009343,5
1009182,1009277,13
1009182,1009224,1
1009182,1009381,36
1009182,1010738,4
1009182,1009705,26
1009182,1009477,1
1009182,1009327,28
1009182,1009382,13
1009182,1009297,1
1009182,1009638,12
1009182,1009722,19
1009182,1010354,1
1011490,1009466,4
1011490,1011299,1
1011490,1009719,40
1011490,1009372,1
1011490,1009499,2
1011490,1009343,26
1011490,1009277,1
1011490,1009452,1
1011490,1009224,17
1011490,1009288,2
1011490,1009365,2
1011490,1009480,3
1011490,1011023,2
1011490,1009379,3
1011490,1009477,1
1011490,1009608,4
1011490,1009312,3
1011490,1009327,1
1011490,1009382,8
1011490,1009297,11
1011490,1009325,15
1011490,1009577,3
1011490,1010354,2
1009508,1009466,8
1009508,1011299,6
1009508,1009219,8
1009508,1009719,1
1009508,1011109,3
1009508,1009554,12
1009508,1009499,6
1009508,1009277,5
1009508,1010771,42
1009508,1009381,16
1009508,1009267,6
1009508,1010738,2
1009508,1009705,1
1009508,1009608,1
1009508,1009312,1
1009508,1009327,26
1009508,1016181,1
1009508,1009382,14
1009508,1009638,5
1009508,1009722,5
1009508,1010354,1
1009466,1011299,1
1009466,1009219,2
1009466,1009719,3
1009466,1009372,4
1009466,1009343,19
1009466,1009277,2
1009466,1009452,4
1009466,1009224,7
1009466,1009652,4
1009466,1009381,2
1009466,1009480,2
1009466,1009267,4
1009466,1011023,10
1009466,1009477,2
1009466,1009608,11
1009466,1009312,16
1009466,1009327,6
1009466,1016181,1
1009466,1009382,4
1009466,1009297,1
1009466,1009638,1
1009466,1009325,4
1009466,1009577,2
1009466,1009722,6
1009466,1010354,2
1011299,1009719,1
1011299,1009452,2
1011299,1009224,3
1011299,1009652,24
1011299,1009365,8
1011299,1009480,1
1011299,1011023,3
1011299,1009477,7
1011299,1009312,6
1011299,1016181,1
1011299,1010373,1
1011299,1009297,1
1011299,1009722,3
1011299,1010354,11
1009219,1009719,1
1009219,1011109,8
1009219,1009554,10
1009219,1009499,16
1009219,1009343,2
1009219,1009277,51
1009219,1009389,2
1009219,1010771,1
1009219,1009288,3
1009219,1009381,28
1009219,1009480,1
1009219,1009267,8
1009219,1010738,11
1009219,1009705,90
1009219,1009477,2
1009219,1009608,1
1009219,1009327,18
1009219,1009382,14
1009219,1009297,1
1009219,1009638,109
1009219,1009577,1
1009219,1010354,13
1009719,1009372,3
1009719,1009499,1
1009719,1009343,22
1009719,1009452,3
1009719,1009609,3
1009719,1009224,4
1009719,1009652,1
1009719,1009365,1
1009719,1009477,8
1009719,1009608,15
1009719,1009327,1
1009719,1016181,1
1009719,1009382,4
1009719,1009297,6
1009719,1010354,2
1011109,1009372,1
1011109,1009381,2
1011109,1009608,1
1011109,1009327,6
1011109,1009638,6
1009554,1009499,20
1009554,1009343,2
1009554,1009277,39
1009554,1009381,28
1009554,1009267,5
1009554,1010738,4
1009554,1009705,29
1009554,1009327,10
1009554,1009382,14
1009554,1009638,3
1009554,1009577,1
1009554,1009722,4
1009554,1010354,1
1009372,1009389,15
1009372,1009609,2
1009372,1009288,2
1009372,1009365,1
1009372,1010738,2
1009372,1009477,2
1009372,1009608,16
1009372,1009327,1
1009372,1016181,3
1009372,1010373,1
1009372,1009325,15
1009372,1009577,3
1009499,1009343,1
1009499,1009277,4
1009499,1009224,1
1009499,1009381,22
1009499,1009480,1
1009499,1009267,6
1009499,1010738,26
1009499,1009705,13
1009499,1009379,2
1009499,1009477,3
1009499,1009312,1
1009499,1009327,6
1009499,1009382,20
1009499,1009638,8
1009499,1010354,1
1009343,1009452,3
1009343,1009389,4
1009343,1009224,6
1009343,1009288,6
1009343,1009365,2
1009343,1009480,13
1009343,1009267,1
1009343,1009379,9
1009343,1009477,4
1009343,1009608,1
1009343,1009312,2
1009343,1009327,2
1009343,1009382,4
1009343,1009297,9
1009343,1009325,5
1009343,1009722,1
1009343,1010354,1
1009277,1009288,2
1009277,1009381,16
1009277,1009365,2
1009277,1009267,3
1009277,1010738,1
1009277,1009705,118
1009277,1009379,1
1009277,1009477,2
1009277,1009312,2
1009277,1009327,3
1009277,1009382,6
1009277,1009638,41
1009277,1009325,1
1009277,1009577,2
1009277,1009722,11
1009277,1010354,4
1009452,1009389,10
1009452,1009224,3
1009452,1009652,4
1009452,1009288,9
1009452,1009267,1
1009452,1011023,1
1009452,1009379,1
1009452,1009477,5
1009452,1009608,4
1009452,1009327,1
1009452,1010373,1
1009452,1009297,6
1009452,1009325,8
1009452,1009577,7
1009452,1010354,2
1009389,1009609,4
1009389,1009224,3
1009389,1009652,3
1009389,1009288,34
1009389,1009381,1
1009389,1009480,1
1009389,1009267,2
1009389,1009608,4
1009389,1009327,5
1009389,1009297,4
1009389,1009325,3
1009389,1009577,8
1009389,1010354,2
1009609,1009224,1
1009609,1009652,2
1009609,1009267,1
1009609,1009477,2
1009609,1009327,2
1009609,1009722,3
1009609,1010354,1
1009224,1010771,2
1009224,1009652,26
1009224,1009288,2
1009224,1009365,3
1009224,1009480,3
1009224,1011023,2
1009224,1009379,14
1009224,1009477,4
1009224,1009312,7
1009224,1009327,1
1009224,1009297,3
1009224,1009325,1
1009224,1010354,7
1010771,1009267,5
1010771,1009705,1
1010771,1009327,7
1010771,1009382,14
1010771,1010354,1
1009652,1009288,3
1009652,1009365,6
1009652,1009480,6
1009652,1011023,4
1009652,1009379,2
1009652,1009477,8
1009652,1009608,1
1009652,1009312,22
1009652,1009327,2
1009652,1009382,1
1009652,1009297,3
1009652,1010354,34
1009288,1009267,1
1009288,1009379,1
1009288,1009608,1
1009288,1009327,2
1009288,1009297,3
1009288,1009325,1
1009288,1009577,9
1009381,1009267,4
1009381,1010738,3
1009381,1009705,20
1009381,1009327,13
1009381,1009382,11
1009381,1009638,12
1009381,1009722,2
1009381,1010354,2
1009365,1009267,1
1009365,1010738,1
1009365,1009379,2
1009365,1009477,1
1009365,1009312,5
1009365,1016181,2
1009480,1010738,1
1009480,1009379,2
1009480,1009477,1
1009480,1009608,3
1009480,1009312,12
1009480,1009327,1
1009480,1009638,1
1009480,1010354,3
1009267,1009705,5
1009267,1009608,1
1009267,1009327,7
1009267,1009382,11
1009267,1009638,6
1009267,1009325,1
1009267,1010354,3
1010738,1009705,4
1010738,1009379,6
1010738,1009327,26
1010738,1009382,3
1010738,1009638,5
1010738,1009722,1
1010738,1010354,2
1009705,1009477,2
1009705,1009327,5
1009705,1009382,9
1009705,1009638,84
1009705,1009722,33
1009705,1010354,4
1011023,1009379,1
1011023,1009312,3
1011023,1010354,1
1009379,1009327,4
1009379,1009297,4
1009379,1010354,1
1009477,1009312,14
1009477,1016181,1
1009477,1009382,6
1009477,1009297,1
1009477,1010354,4
1009608,1009312,4
1009608,1009327,1
1009608,1016181,1
1009608,1009297,4
1009608,1009638,1
1009608,1009325,2
1009608,1009577,5
1009312,1016181,1
1009312,1009382,2
1009312,1010373,1
1009312,1009638,2
1009312,1009325,3
1009312,1010354,19
1009327,1016181,1
1009327,1009382,5
1009327,1009297,2
1009327,1009638,9
1009327,1009722,13
1009327,1010354,5
1016181,1009297,1
1016181,1009325,1
1016181,1009722,1
1009382,1009638,3
1009382,1009325,4
1009382,1009722,1
1009382,1010354,2
1009297,1009325,7
1009297,1009577,10
1009297,1010354,1
1009638,1009325,1
1009638,1009577,1
1009638,1010354,23
1009325,1010354,2
